{
  "meta_title": "",
  "meta_description": "",
  "sections": [
    {
      "type": "banner-slider",
      "autoplay": 9000,
      "full_width": false,
      "slides": [
        {
          "start": "",
          "end": "",
          "img": "/img/uploads/b9746b6a-d97b-473c-a062-bd2b393ab7d5.jpeg"
        }
      ]
    },
    {
      "type": "info-bar",
      "enabled": true
    },
    {
      "type": "banner-slider",
      "autoplay": 9000,
      "full_width": false,
      "slides": [
        {
          "start": "",
          "end": "",
          "img": "/img/uploads/8969f52d-751c-46ab-b311-474bbcaadf97.jpeg",
          "link": "https://karlapaivasexshop.netlify.app/lubrificantes"
        }
      ]
    },
    {
      "type": "collection-shelf",
      "shuffle": false,
      "limit": 12,
      "page": 1,
      "collection_id": "625835fd3da6d37bc2dd7c6d:categories:LUBRIFICANTES:/lubrificantes",
      "headless": true,
      "sort": "highest_price"
    },
    {
      "type": "banner-slider",
      "autoplay": 9000,
      "full_width": false,
      "slides": [
        {
          "start": "",
          "end": "",
          "img": "/img/uploads/581412bb-31e5-4afe-963a-7ea0615ca8cf.jpeg",
          "link": "https://karlapaivasexshop.netlify.app/excitante"
        }
      ]
    },
    {
      "type": "collection-shelf",
      "shuffle": false,
      "limit": 12,
      "page": 1,
      "collection_id": "62570c642e405e04ff3dd2c6:categories:EXCITANTE:/excitante",
      "headless": true,
      "sort": "highest_price"
    },
    {
      "type": "banner-slider",
      "autoplay": 9000,
      "full_width": false,
      "slides": [
        {
          "start": "",
          "end": "",
          "img": "/img/uploads/04bad001-ede0-408e-8849-eb80200cb74c.jpeg",
          "link": "https://karlapaivasexshop.netlify.app/anal"
        }
      ]
    },
    {
      "type": "collection-shelf",
      "shuffle": false,
      "limit": 12,
      "page": 1,
      "collection_id": "62586db93da6d37bc2de18e5:categories:ANAL:/anal",
      "sort": "views",
      "headless": true
    },
    {
      "type": "banner-slider",
      "autoplay": 9000,
      "full_width": false,
      "slides": [
        {
          "start": "",
          "end": "",
          "img": "/img/uploads/e1d1418f-e99c-46ab-90c7-4f8902ef11f5.jpeg",
          "link": "https://karlapaivasexshop.netlify.app/oral"
        }
      ]
    },
    {
      "type": "collection-shelf",
      "shuffle": false,
      "limit": 12,
      "page": 1,
      "collection_id": "6258a9923da6d37bc2de950d:categories:ORAL:/oral",
      "headless": true
    },
    {
      "type": "banner-slider",
      "autoplay": 9000,
      "full_width": false,
      "slides": [
        {
          "start": "",
          "end": "",
          "img": "/img/uploads/9cb51c39-bad6-4c43-8b04-139117385fe5.jpeg",
          "link": "https://karlapaivasexshop.netlify.app/fantasias-e-lingeries"
        }
      ]
    },
    {
      "type": "collection-shelf",
      "shuffle": false,
      "limit": 12,
      "page": 1,
      "collection_id": "625704a32e405e04ff3db154:categories:FANTASIAS & LINGERIES:/fantasias-e-lingeries",
      "headless": true,
      "sort": "highest_price"
    },
    {
      "type": "banner-slider",
      "autoplay": 9000,
      "full_width": false,
      "slides": [
        {
          "start": "",
          "end": "",
          "img": "/img/uploads/76f1e03e-3acd-4aa0-8e08-6f645ad96a0b.jpeg",
          "link": "https://karlapaivasexshop.netlify.app/vibrador"
        }
      ]
    },
    {
      "type": "collection-shelf",
      "shuffle": false,
      "limit": 12,
      "page": 1,
      "collection_id": "6257060d2e405e04ff3db599:categories:VIBRADOR:/vibrador",
      "headless": true
    },
    {
      "type": "banner-slider",
      "autoplay": 9000,
      "full_width": false,
      "slides": [
        {
          "start": "",
          "end": "",
          "img": "/img/uploads/62f5ea63-e78a-48f3-bba9-23d7840dc689.jpeg",
          "link": "https://karlapaivasexshop.netlify.app/protese"
        }
      ]
    },
    {
      "type": "collection-shelf",
      "shuffle": false,
      "limit": 12,
      "page": 1,
      "collection_id": "62598fa63da6d37bc2df6964:categories:PRÓTESE:/protese",
      "headless": true
    },
    {
      "type": "banner-slider",
      "autoplay": 9000,
      "full_width": false,
      "slides": [
        {
          "start": "",
          "end": "",
          "img": "/img/uploads/d8a30a37-c281-42a0-b40e-dd37264d1207.jpeg",
          "link": "https://karlapaivasexshop.netlify.app/sado"
        }
      ]
    },
    {
      "type": "collection-shelf",
      "shuffle": false,
      "limit": 12,
      "page": 1,
      "collection_id": "62587e2d3da6d37bc2de464c:categories:SADO:/sado",
      "headless": true
    },
    {
      "type": "banner-slider",
      "autoplay": 9000,
      "full_width": false,
      "slides": [
        {
          "start": "",
          "end": "",
          "img": "/img/uploads/f03933da-2d52-4ce2-9d8f-793431c80bfc.jpeg",
          "link": "https://karlapaivasexshop.netlify.app/acessorios"
        }
      ]
    },
    {
      "type": "collection-shelf",
      "shuffle": false,
      "limit": 12,
      "page": 1,
      "collection_id": "625962803da6d37bc2df267c:categories:ACESSÓRIOS:/acessorios",
      "headless": true
    },
    {
      "type": "banner-slider",
      "autoplay": 9000,
      "full_width": false,
      "slides": [
        {
          "start": "",
          "end": "",
          "img": "/img/uploads/3395bdbf-8fff-4334-9f08-21bfafc3522f.jpeg",
          "link": "https://karlapaivasexshop.netlify.app/higiene-pessoal"
        }
      ]
    },
    {
      "type": "collection-shelf",
      "shuffle": false,
      "limit": 12,
      "page": 1,
      "collection_id": "625991fc3da6d37bc2df6d83:categories:HIGIENE PESSOAL:/higiene-pessoal",
      "headless": true
    },
    {
      "type": "banner-slider",
      "autoplay": 9000,
      "full_width": false,
      "slides": [
        {
          "start": "",
          "end": "",
          "img": "/img/uploads/68f616e6-51b7-45e7-8628-532ff2c38572.jpeg",
          "link": "https://karlapaivasexshop.netlify.app/50-de-desconto"
        }
      ]
    },
    {
      "type": "collection-shelf",
      "shuffle": false,
      "limit": 12,
      "page": 1,
      "collection_id": "62c2d519eb8591121673df06:categories:50% de desconto:/50-de-desconto",
      "headless": true
    },
    {
      "type": "banner-slider",
      "autoplay": 9000,
      "full_width": false,
      "slides": [
        {
          "start": "",
          "end": "",
          "img": "/img/uploads/04ebd580-be57-4806-89f1-35a9c16e0244.jpeg",
          "link": "https://karlapaivasexshop.netlify.app/adesivos-para-a-pele"
        }
      ]
    },
    {
      "type": "collection-shelf",
      "shuffle": false,
      "limit": 12,
      "page": 1,
      "collection_id": "626942973da6d37bc20fab63:categories:TATUAGEM TEMPORÁRIA:/adesivos-para-a-pele",
      "headless": true
    },
    {
      "type": "info-bar",
      "enabled": true
    }
  ]
}